experiment_id	completed_at	commit	config	seed	machine	job_id	metric	value	run_status	decision	artifact_dir	description
001-p0-engineering-v1	2026-09-14T02:55:52.823829+00:00	f9ecd7f2becfe104aeb455895461680d89ab848b	tests/check_cola_state.py	84001	nebula	1519438,1519443,1519448,1519453	passed_examples	32	success	keep	/home/mlw0719/cola_dlm_exploration_storage/runs/001_same_prefix_state/	32/32 engineering examples passed native parity and replay/cache invariants; implementation evidence only.
001-p0-calibration-easy-v2	2026-09-14T03:48:13.111147+00:00	3b1fb15cf78f234660169f5fcb1686d61286217b	configs/001_same_prefix_state/p0_calibration_easy.json	710000	nebula	1539322,1539330,1539347,1539357	route_success	0	success	inconclusive	/home/mlw0719/cola_dlm_exploration_storage/runs/001_same_prefix_state	512 samples on 128 graphs; parseable=0.824219; eligible=0; best-of-4=0. Capability gate fails; H1-H3 unmeasured.
001-p0-calibration-hard-v2	2026-09-14T03:48:13.111147+00:00	3b1fb15cf78f234660169f5fcb1686d61286217b	configs/001_same_prefix_state/p0_calibration_hard.json	710000	nebula	1539322,1539330,1539347,1539357	route_success	0	success	inconclusive	/home/mlw0719/cola_dlm_exploration_storage/runs/001_same_prefix_state	512 samples on 128 graphs; parseable=0.646484; eligible=0; best-of-4=0. Capability gate fails; H1-H3 unmeasured.
001-r0-saved-routes-v1	2026-09-14T04:27:15.483603+00:00	b01546b8badcb052e84026ff826a3d90ecc32b81	configs/001_same_prefix_state/r0_saved_routes.json	510001,510002	nebula	1646944	eligible_mixed_roots		crash	inconclusive	/home/mlw0719/cola_dlm_exploration_storage/runs/001_same_prefix_state/001-r0-saved-routes-v1	CPU audit stopped at task comparison before statistics; inspect tuple/list serialization, then retry. No new model generation.
001-r0-saved-routes-v2-easy	2026-09-14T04:32:04.746985+00:00	827285209957d870812bc4fe9b13f99345e2a2ab	configs/001_same_prefix_state/r0_saved_routes.json	510001	nebula	1650788	eligible_mixed_roots	76	success	keep	/home/mlw0719/cola_dlm_exploration_storage/runs/001_same_prefix_state/001-r0-saved-routes-v2	CPU reanalysis of 512 existing generations: no eligible causal F roots; M root eligibility is a token-prefix observation, not candidate acceptance or H1/H2 evidence.
001-r0-saved-routes-v2-hard	2026-09-14T04:32:04.746985+00:00	827285209957d870812bc4fe9b13f99345e2a2ab	configs/001_same_prefix_state/r0_saved_routes.json	510002	nebula	1650788	eligible_mixed_roots	61	success	keep	/home/mlw0719/cola_dlm_exploration_storage/runs/001_same_prefix_state/001-r0-saved-routes-v2	CPU reanalysis of 512 existing generations: no eligible causal F roots; M root eligibility is a token-prefix observation, not candidate acceptance or H1/H2 evidence.
001-r1-parity-smoke-v1	2026-09-14T04:43:02.373836+00:00	a97cf2c45b02adf27a7771d7365125ab4e2bbbe9	configs/001_same_prefix_state/r1_official_capability.json	66	nebula	1664981	paired_examples_passed	8	success	keep	/home/mlw0719/cola_dlm_exploration_storage/runs/001_same_prefix_state/001-r1-parity-smoke-v1	8/8 official/native-wrapper token parity and resume/rebuild checks pass at penalty 1.1; one default penalty-1.0 control passes. Engineering evidence, not full capability or H1 results.
001-r1-official-capability-v1-lambada	2026-09-14T04:53:54.550096+00:00	699dacde51720e02c34012b3ca0b57500ce94a48	configs/001_same_prefix_state/r1_official_capability.json	66	nebula	1673899,1673904,1673909	official_score_accuracy	0.4921875	success	keep	/home/mlw0719/cola_dlm_exploration_storage/runs/001_same_prefix_state	63/128 on fixed release-fixture inputs using pinned native inference/scorer, penalty1.1. Includes four exact-condition smoke records per task from a97cf2c. Capability only; H1a/H1b/H2/H3 unmeasured.
001-r1-official-capability-v1-squad	2026-09-14T04:53:54.550096+00:00	699dacde51720e02c34012b3ca0b57500ce94a48	configs/001_same_prefix_state/r1_official_capability.json	66	nebula	1673899,1673904,1673909	official_score_accuracy	0.3359375	success	keep	/home/mlw0719/cola_dlm_exploration_storage/runs/001_same_prefix_state	43/128 on fixed release-fixture inputs using pinned native inference/scorer, penalty1.1. Includes four exact-condition smoke records per task from a97cf2c. Capability only; H1a/H1b/H2/H3 unmeasured.
001-r3-m-engineering-v1	2026-09-14T05:00:17.159336+00:00	7e757d8e7f0bd5a6dd8fd9470225ef147ccc8002	tests/check_mixed_candidates.py	88000000+m*1000	nebula	1683790,1683806,1683815	engineering_cases_passed	16	success	keep	/home/mlw0719/cola_dlm_exploration_storage/runs/001_same_prefix_state	16/16 cases cover remainders 0..15 once; known latents, identity, ordering, replay and paired futures pass. Engineering only.
001-r3-payload-smoke-v1	2026-09-14T05:08:18.021940+00:00	3209858356d467e620e93e83ff93982e14666d0f	tests/check_natural_payload.py	91000000	nebula	1693616	payload_replay_cases_passed	2	success	keep	/home/mlw0719/cola_dlm_exploration_storage/runs/001_same_prefix_state/001-r3-payload-smoke-v1	F reference and M pair serialized/reloaded with identical caches and paired futures. Engineering only; not an effect estimate.
001-r3-eta-f-v1	2026-09-14T05:10:30.604861+00:00	3209858356d467e620e93e83ff93982e14666d0f	configs/001_same_prefix_state/r3_eta_f.json	91000000	nebula	1696121,1696126	selected_eta_paired_roots	5	success	keep	/home/mlw0719/cola_dlm_exploration_storage/runs/001_same_prefix_state	8 attempted roots; eta0.03 selected reward-blind; 5 accepted pairs, strict epsilon0.01. Distribution effects unmeasured.
001-r3-eta-m-v1	2026-09-14T05:10:30.604861+00:00	3209858356d467e620e93e83ff93982e14666d0f	configs/001_same_prefix_state/r3_eta_m.json	91000000	nebula	1696131,1696136	selected_eta_paired_roots	6	success	keep	/home/mlw0719/cola_dlm_exploration_storage/runs/001_same_prefix_state	8 attempted roots; eta0.03 selected reward-blind; 6 accepted pairs, strict epsilon0.01. Distribution effects unmeasured.
001-r4-measurement-smoke-v1	2026-09-14T05:17:18.165657+00:00	8e2ab3f19f7d6bcfa8ad1338e1a256d358f41278	tests/check_natural_measurement.py	310000000,410000000	nebula	1701823	independent_AB_runner_pass	1	success	keep	/home/mlw0719/cola_dlm_exploration_storage/runs/001_same_prefix_state/001-r4-measurement-smoke-v1	Real saved M pair: paired noise within splits, independent A/B, and exact identity null passed. Engineering case is not a formal distribution result.
001-r2-copy-v1	2026-09-14T05:29:39.564829+00:00	8e2ab3f19f7d6bcfa8ad1338e1a256d358f41278	configs/001_same_prefix_state/r2_copy.json	192000000+cell_offset	nebula	1702092	complete_route_success	0.046875	success	keep	/home/mlw0719/cola_dlm_exploration_storage/runs/001_same_prefix_state/001-r2-copy-v1	3/64 successful; M eligible52, F eligible3. Diagnostic only; no candidate value measurement.
001-r2-chain-v1	2026-09-14T05:29:39.564829+00:00	8e2ab3f19f7d6bcfa8ad1338e1a256d358f41278	configs/001_same_prefix_state/r2_chain.json	192000000+cell_offset	nebula	1702097	complete_route_success	0.0	success	keep	/home/mlw0719/cola_dlm_exploration_storage/runs/001_same_prefix_state/001-r2-chain-v1	0/64 successful; M eligible7, F eligible0. Diagnostic only; no candidate value measurement.
001-r2-branch-v1	2026-09-14T05:29:39.564829+00:00	8e2ab3f19f7d6bcfa8ad1338e1a256d358f41278	configs/001_same_prefix_state/r2_branch.json	192000000+cell_offset	nebula	1702102	complete_route_success	0.0	success	keep	/home/mlw0719/cola_dlm_exploration_storage/runs/001_same_prefix_state/001-r2-branch-v1	0/64 successful; M eligible8, F eligible0. Diagnostic only; no candidate value measurement.
001-r3-collection-f-v1	2026-09-14T05:33:14.879660+00:00	5d2d743cb4a3ae8ca92d834e9f48c906ac17838b	configs/001_same_prefix_state/r3_collection_f.json	91000000	nebula	1707720	paired_roots	27	success	keep	/home/mlw0719/cola_dlm_exploration_storage/runs/001_same_prefix_state/001-r3-collection-f-v1	27 new strict pairs from37 ordered roots8..44. Calibration adds5 pairs from8 roots;32 total F pairs. Adaptive stopping, descriptive coverage only.
001-r3-collection-m-v1	2026-09-14T05:37:03.676068+00:00	5d2d743cb4a3ae8ca92d834e9f48c906ac17838b	configs/001_same_prefix_state/r3_collection_m.json	91000000	nebula	1720652	paired_roots	26	success	keep	/home/mlw0719/cola_dlm_exploration_storage/runs/001_same_prefix_state/001-r3-collection-m-v1	26 new strict M pairs from33 ordered roots8..40;2 aligned prompts excluded. Calibration adds6/8;32 total M pairs from41 sources. Descriptive adaptive coverage.
001-r2-matched-full-v1	2026-09-14T05:47:15.202631+00:00	8e2ab3f19f7d6bcfa8ad1338e1a256d358f41278	configs/001_same_prefix_state/r2_matched_full.json	192000000+cell_offset	nebula	1720647	complete_route_success	0	success	keep	/home/mlw0719/cola_dlm_exploration_storage/runs/001_same_prefix_state/001-r2-matched-full-v1	0/64 full success;28/64 parseable,3/64 first-edge correct,2 M roots,0 F roots. No correct-trunk first-branch crossing.
001-r4-pilot-f-v1	2026-09-14T05:47:15.202631+00:00	91ff5b400bd6eda44456f9280b905c19eddd856e,fee6adf80ec1c791bd49556f045c9f2951cbf992	configs/001_same_prefix_state/r4_pilot_f.json	310000000,410000000	nebula	1722800,1725130,1724785	H_token	0	success	inconclusive	/home/mlw0719/cola_dlm_exploration_storage/runs/001_same_prefix_state	32 fixed F pairs;512 futures;source bootstrap95% CI[-0.000213623,0.000244141].156/256 paired suffixes differ; raw disagreement does not establish distribution difference. Proceed with fixed independent confirmation; positive-effect cache diagnostic not activated.
001-r2-branch-v1-layout-analysis	2026-09-14T06:11:30.914605+00:00	8e2ab3f19f7d6bcfa8ad1338e1a256d358f41278	scripts/audit_r2_layouts.py	920002	nebula		canonical_predecision_F_layouts	0	success	keep	experiments/001_same_prefix_state/results/r2_canonical_layouts_v1.json	Post-run CPU analysis of saved tasks;0/32 canonical Branch F layouts and26/32 M layouts. Other cells each32/32 F. No new model generations; geometry and capability must be distinguished.
001-r4-confirmation-f-v1	2026-09-14T06:51:38.888861+00:00	3f63ae20394b6c612910ab4c04cc2e8c194973b6	configs/001_same_prefix_state/r4_confirmation_f.json	510000000,610000000,710000000,810000000	nebula	1736037,1736042,1736047,1736052	H_token	-5.512852822580645e-05	success	inconclusive	/home/mlw0719/cola_dlm_exploration_storage/runs/001_same_prefix_state	128 fixed sources;127 live,93 paired,34 reference fallbacks,1 terminated.3520 futures;95% source CI[-0.00013950892857142856, 2.9518047691637536e-05].No positive H1a support;cache localization not activated.1520 proposals and all costs retained.
001-r5-branch-m-probe-v1	2026-09-14T06:55:18.174380+00:00	9df1226653d328effaff468d794121ad740dd785	configs/001_same_prefix_state/r5_branch_m_probe.json	890000000,910000000,1010000000	nebula	1779618,1778333,1780214,1780552	H_reward	0	success	inconclusive	/home/mlw0719/cola_dlm_exploration_storage/runs/001_same_prefix_state	8 fixed M roots on4 graphs;8/8 pairs on first proposal;0/128 successful futures. Degenerate bootstrap is not a population zero bound. Stop bounded reward-floor probe; no larger R5/cost study or training.
001-r5-branch-m-probe-v1	2026-09-14T06:55:18.174425+00:00	9df1226653d328effaff468d794121ad740dd785	configs/001_same_prefix_state/r5_branch_m_probe.json	890000000,910000000,1010000000	nebula	1779618,1778333,1780214,1780552	independent_B_selection_gain	0	success	inconclusive	/home/mlw0719/cola_dlm_exploration_storage/runs/001_same_prefix_state	8 fixed M roots on4 graphs;8/8 pairs on first proposal;0/128 successful futures. Degenerate bootstrap is not a population zero bound. Stop bounded reward-floor probe; no larger R5/cost study or training.
002-p0-v1	2026-09-14T19:19:49.847802+00:00	4393c75c32abe426bd1259312be7c7a59156d051	configs/002_task_consequence_basin/p0.json	20260914	nebula	2223799	paired_clean_worlds	16	success	keep	/home/mlw0719/cola_dlm_exploration_storage/runs/002_task_consequence_basin/002-p0-v1	16/16 paired-clean worlds;32/32 exact anchors;64/64 target endpoints;80 parser cases;native Euler parity and gradients pass. Cached raw logits differ by up to1.5 so scientific readout remains full fresh-cache. Engineering only.
002-runner-smoke-v1	2026-09-14T19:19:49.847802+00:00	d4a4b0a7e5cf9309397e6e03c99bc74cb8e30421	configs/002_task_consequence_basin/p0_runner.json	20260914	nebula	2228678	records	64	success	keep	/home/mlw0719/cola_dlm_exploration_storage/runs/002_task_consequence_basin/002-runner-smoke-v1	64 expected paired perturbation rows;16 worlds;noise seeds/RMS agree across queries and no duplicate record keys. Engineering only.
002-p1-dev-noise-v1	2026-09-14T19:41:39.619761+00:00	d4a4b0a7e5cf9309397e6e03c99bc74cb8e30421	configs/002_task_consequence_basin/p1_dev_noise.json	20260914	nebula	2236155,2236161,2236166,2236189	lexical_disagreement_at_nearest_grid_point	0.0200927734375	success	inconclusive	/home/mlw0719/cola_dlm_exploration_storage/runs/002_task_consequence_basin	64/64 paired-clean worlds;10240 readouts;no original sigma enters the3%-25% lexical band. One development-only grid refinement is required.
002-p1-dev-noise-refinement-v1	2026-09-14T19:41:39.620185+00:00	7f5315d5c3418896b454acc27ad1f56a68a5a2f5	configs/002_task_consequence_basin/p1_dev_noise_refinement.json	20260914	nebula	2246790,2246795	selected_sigma	0.4	success	keep	/home/mlw0719/cola_dlm_exploration_storage/runs/002_task_consequence_basin	64 worlds;7168 additional readouts;reuse original grid. sigma0.4 is nearest10% at8.181%;role effects are not used for selection.
002-sentence-dev-v1	2026-09-14T19:41:39.620565+00:00	494f083733948224514434b657cd0163e08e8824	configs/002_task_consequence_basin/p1_dev_sentence.json	20260914	nebula	2252222,2252228	selected_sigma	0.44	success	keep	/home/mlw0719/cola_dlm_exploration_storage/runs/002_task_consequence_basin	64/64 paired-clean worlds;13312 readouts. Separate sentence-format scale0.44 selected at12.144% lexical disagreement;not pooled with the record single-token layer.
002-search-dev-v1	2026-09-14T19:41:39.620642+00:00	ab3956f6d2bf21493f268c8e9251c09341c85a7d	configs/002_task_consequence_basin/p1_search_dev.json	20260914	nebula	2255341	backward_steps	1152	success	keep	/home/mlw0719/cola_dlm_exploration_storage/runs/002_task_consequence_basin	Two balanced development worlds;8 targets;1152 backward steps;51.21 seconds. Keep original128-world PGD/ray budget;defaults remain unchanged.
002-p1-test-noise-v1	2026-09-14T20:04:16.246866+00:00	ab3956f6d2bf21493f268c8e9251c09341c85a7d	configs/002_task_consequence_basin/p1_test_noise.json	20260914	nebula	2267500,2267505,2267510,2267515	primary_protection	-0.00048828125	success	keep	/home/mlw0719/cola_dlm_exploration_storage/runs/002_task_consequence_basin	256/256 paired-clean;32768 readouts;95% world interval[-0.0020751953125,0.001220703125].Initial parser-version readout;no positive role protection;blinded audit pending.
002-p1-test-search-v1	2026-09-14T20:04:16.246947+00:00	ab3956f6d2bf21493f268c8e9251c09341c85a7d	configs/002_task_consequence_basin/p1_test_search.json	20260914	nebula	2267520,2267525,2267530,2267535	combined_success_at_rms_0.4	1.0	success	keep	/home/mlw0719/cola_dlm_exploration_storage/runs/002_task_consequence_basin	128worlds;512targets;all exact endpoints;all found within RMS0.4;73728 backward steps;51104 native verifications.Search curve saturation is not nearest-boundary equivalence.
002-control-no_query-v1	2026-09-14T20:04:16.246985+00:00	a2f9ebab8a247ec52e9abd93d4935942600f5c17	configs/002_task_consequence_basin/control_no_query.json	20260914	nebula	2270739	paired_label_null	0.0	success	keep	/home/mlw0719/cola_dlm_exploration_storage/runs/002_task_consequence_basin	64paired-clean worlds;2048 role-labeled rows from1024 actual perturbation readouts.Exact input-identity null by construction.
002-control-query_only-v1	2026-09-14T20:04:16.247017+00:00	a2f9ebab8a247ec52e9abd93d4935942600f5c17	configs/002_task_consequence_basin/control_query_only.json	20260914	nebula	2270745	protection	0.00439453125	success	keep	/home/mlw0719/cola_dlm_exploration_storage/runs/002_task_consequence_basin	64paired-clean worlds;2048readouts;95%world interval[-0.00048828125,0.009765625].Source-removal diagnostic at main sigma0.4.
002-control-sentence-v1	2026-09-14T20:04:16.247048+00:00	a2f9ebab8a247ec52e9abd93d4935942600f5c17	configs/002_task_consequence_basin/control_sentence.json	20260914	nebula	2270750	protection	0.00390625	success	keep	/home/mlw0719/cola_dlm_exploration_storage/runs/002_task_consequence_basin	64paired-clean worlds;2048readouts;sigma0.44;95%world interval[0,0.0078125].Supplementary format/word-span control;sentence parser audit pending.
002-control-source_recoverability-v1	2026-09-14T20:04:16.247078+00:00	a2f9ebab8a247ec52e9abd93d4935942600f5c17	configs/002_task_consequence_basin/control_source_recoverability.json	20260914	nebula	2270734	correct_fields_after_replacement	0	success	keep	/home/mlw0719/cola_dlm_exploration_storage/runs/002_task_consequence_basin	64worlds;1152readouts;0/2304correct fields and allunparseable after zero or std4 Gaussian replacement.No observed source-only recovery.
002-p2-dev-recovery-v1	2026-09-14T20:04:16.247108+00:00	d4a4b0a7e5cf9309397e6e03c99bc74cb8e30421	configs/002_task_consequence_basin/p1_dev_recovery.json	20260914	nebula	2242824,2242830,2242836,2242843	selected_noise_fraction	0.5	success	keep	/home/mlw0719/cola_dlm_exploration_storage/runs/002_task_consequence_basin	64/64paired-clean;20480 real/rotated readouts;lexical15.205% atlambda0.5 selects index8 without role contrasts;nondegenerate working interval.
002-geometry-features-v1	2026-09-14T20:04:16.247139+00:00	edafcad7b3e3437d747cee945deea4db297a24d4	configs/002_task_consequence_basin/geometry_features.json	20260914	nebula	2284398	clean_geometry_features	512	success	keep	/home/mlw0719/cola_dlm_exploration_storage/runs/002_task_consequence_basin	128fixed boundary worlds;512clean gradients/confidence features;16.83seconds.Post-recovery auxiliary features;not a confirmatory outcome.
002-p2-cfg7-control-v1	2026-09-14T20:28:25.106157+00:00	a23ab19f66ee33a5b6a93fb68d3fc2bf97ff0e90	configs/002_task_consequence_basin/p2_cfg7_control.json	20260914	nebula	2293731,2293736,2293741,2293746	real_rotated_readouts	20480	success	keep	/home/mlw0719/cola_dlm_exploration_storage/runs/002_task_consequence_basin	64 fixed worlds;paired-clean=64;four native restart stages;eight seeds;four rotations;CFG7 control complete.Main CFG1 remains active;matched-world interpretation pending.
002-p2-test-recovery-v1	2026-09-14T21:35:46.439896+00:00	a23ab19f66ee33a5b6a93fb68d3fc2bf97ff0e90	configs/002_task_consequence_basin/p2_test_recovery.json	20260914	nebula	2293707,2293716,2293721,2293726	G_selective_primary	-0.00091552734375	success	close_core	/home/mlw0719/cola_dlm_exploration_storage/runs/002_task_consequence_basin/analysis-v2	256/256 paired-clean worlds; 81920 readouts; lambda=0.5 CFG1; CI95 [-0.0036026000976562495,0.001953125]; Holm p=1. Parser-v2 final analysis 52244c9. All four workers exit 0.
002-parser-audit-v2	2026-09-14T21:35:46.439896+00:00	52244c9c04a2e4628bd2a4b7678e5a55b0d6d812	scripts/rescore_task_basin.py	20260914	nebula		changed_field_types	659	success	keep	/home/mlw0719/cola_dlm_exploration_storage/runs/002_task_consequence_basin/rescored-v2	Assistant blind labels frozen at 2853772: original 195/200 fields agree, corrected 200/200; all 193728 records rescored; valid-wrong to unparseable only; zero total-damage changes; both primary tests exactly unchanged.
002-core-final-v2	2026-09-14T21:35:46.439896+00:00	52244c9c04a2e4628bd2a4b7678e5a55b0d6d812	scripts/run_task_basin_final_analysis.py	20260914	nebula		completed_formal_jobs	36	success	close_core	/home/mlw0719/cola_dlm_exploration_storage/runs/002_task_consequence_basin/analysis-v2	Both primary intervals inside +/-2 percentage points with nondegenerate world variation and ample error events. No task-selective protection supported. CFG-dependent general direction effect retained; no training or natural/native extension launched.
003-data-v1	2026-09-26T02:23:00.027623+00:00	daf81f98776d557f8ae110391bbf50584a685ab0	scripts/prepare_prefix_data.py	20260926	nebula	908794	prepared_prompts	0	crash	repair_loader	/home/mlw0719/cola_dlm_exploration_storage/runs/003_doob_speculative_decoding/003-data-v1	Preparation failure: datasets 5 rejects AlpacaEval Python builder. No scientific outcome.
003-data-v2	2026-09-26T02:25:56.351974+00:00	daf81f98776d557f8ae110391bbf50584a685ab0	scripts/prepare_prefix_data.py	20260926	nebula	910462	prepared_prompts	0	crash	repair_loader	/home/mlw0719/cola_dlm_exploration_storage/runs/003_doob_speculative_decoding/003-data-v2	Preparation retry used the old committed loader before the fix commit completed; same builder failure, no scientific outcome.
003-data-v3	2026-09-26T02:25:56.352324+00:00	94f830add613cd0788db3fd9421a352cbb69fb3b	scripts/prepare_prefix_data.py	20260926	nebula	910743	prepared_prompts	900	success	keep	/home/mlw0719/cola_dlm_exploration_storage/runs/003_doob_speculative_decoding/003-data-v3	Pinned prompt-only cohorts complete: 150 discovery, 150 validation, 600 final; final generation outcomes remain unopened.
003-s0-ar-tp4-v1	2026-09-26T02:38:43.646175+00:00	94f830add613cd0788db3fd9421a352cbb69fb3b	configs/003_doob_speculative_decoding/native.json	20260926	nebula	911136	completed_prompts	0	invalid	retry_on_orion	/home/mlw0719/cola_dlm_exploration_storage/runs/003_doob_speculative_decoding/003-s0-ar-tp4-v1	Cancelled stalled multi-GPU initialization before generation. Infrastructure outcome only.
003-s0-native-tp4-v1	2026-09-26T02:38:43.646175+00:00	94f830add613cd0788db3fd9421a352cbb69fb3b	configs/003_doob_speculative_decoding/native.json	20260926	nebula	911204	completed_prompts	0	invalid	retry_on_orion	/home/mlw0719/cola_dlm_exploration_storage/runs/003_doob_speculative_decoding/003-s0-native-tp4-v1	Cancelled stalled multi-GPU initialization before generation. Infrastructure outcome only.
003-orion-s0-ar-v1	2026-09-26T02:38:43.646175+00:00	8744b3a6122d2ac6962f251da51288139cb29278	configs/003_doob_speculative_decoding/native_orion.json	20260926	orion	4192661	completed_prompts	0	crash	repair_environment_path	/home/mlw0719/cola_dlm_exploration_storage/runs/003_doob_speculative_decoding/003-orion-s0-ar-v1	Startup failed before generation: installed ninja was not on PATH. No scientific outcome.
003-orion-s0-native-v1	2026-09-26T02:38:43.646175+00:00	8744b3a6122d2ac6962f251da51288139cb29278	configs/003_doob_speculative_decoding/native_orion.json	20260926	orion	4192666	completed_prompts	0	crash	repair_environment_path	/home/mlw0719/cola_dlm_exploration_storage/runs/003_doob_speculative_decoding/003-orion-s0-native-v1	Startup failed before generation: installed ninja was not on PATH. No scientific outcome.
003-orion-s0-ar-v2	2026-09-26T02:44:43.029352+00:00	00d1dd469c44f8f86dd2eda6806adc2336b65572	configs/003_doob_speculative_decoding/native_orion.json	20260926	orion	1056	completed_prompts	0	crash	repair_tokenizer_interface	/home/mlw0719/cola_dlm_exploration_storage/runs/003_doob_speculative_decoding/003-orion-s0-ar-v2	Models loaded successfully; generation input failed because chat-template return type was BatchEncoding. No model outcomes.
003-orion-s0-native-v2	2026-09-26T02:44:43.029352+00:00	00d1dd469c44f8f86dd2eda6806adc2336b65572	configs/003_doob_speculative_decoding/native_orion.json	20260926	orion	1125	completed_prompts	0	crash	repair_tokenizer_interface	/home/mlw0719/cola_dlm_exploration_storage/runs/003_doob_speculative_decoding/003-orion-s0-native-v2	Models loaded successfully; generation input failed because chat-template return type was BatchEncoding. No model outcomes.
003-orion-s0-ar-v3	2026-09-26T02:53:14.445148+00:00	083ccf165f0e08a5ac866d12a0b54fd6dafb7025	configs/003_doob_speculative_decoding/native_orion.json	20260926	orion	3112	completed_prompts	20	success	reference_only	/home/mlw0719/cola_dlm_exploration_storage/runs/003_doob_speculative_decoding/003-orion-s0-ar-v3	20 prompts generated; 11 AR/native output mismatches. The 72 retained graphs from matching prompts passed native walk and boundary checks. No acceleration claim.
003-orion-s0-native-v3	2026-09-26T02:53:14.445148+00:00	083ccf165f0e08a5ac866d12a0b54fd6dafb7025	configs/003_doob_speculative_decoding/native_orion.json	20260926	orion	3180	exact_match_prompts	9	invalid	repair_numerical_parity	/home/mlw0719/cola_dlm_exploration_storage/runs/003_doob_speculative_decoding/003-orion-s0-native-v3	20 prompts generated; 11 AR/native output mismatches. The 72 retained graphs from matching prompts passed native walk and boundary checks. No acceleration claim.
003-orion-s0-ar-v4	2026-09-26T03:06:39.051739+00:00	88d2e6573395419f010e9c19187ead4b53af510f	configs/003_doob_speculative_decoding/native_orion.json	20260926	orion	7050	exact_match_prompts	20	success	advance_to_development	/home/mlw0719/cola_dlm_exploration_storage/runs/003_doob_speculative_decoding/003-orion-s0-ar-v4	All 7353 greedy tokens match on 20 prompts. 160 retained graphs, 2031 captured rounds, 40 post-terminal rounds; no parity/walk/boundary failures. Interface evidence only.
003-orion-s0-native-v4	2026-09-26T03:06:39.051739+00:00	88d2e6573395419f010e9c19187ead4b53af510f	configs/003_doob_speculative_decoding/native_orion.json	20260926	orion	7118	exact_match_prompts	20	success	advance_to_development	/home/mlw0719/cola_dlm_exploration_storage/runs/003_doob_speculative_decoding/003-orion-s0-native-v4	All 7353 greedy tokens match on 20 prompts. 160 retained graphs, 2031 captured rounds, 40 post-terminal rounds; no parity/walk/boundary failures. Interface evidence only.
003-nebula-single-smoke-v1	2026-09-26T03:16:32.665061+00:00	cbe70986ec2b93dd49b8b1876e5e622fcac5e293	configs/003_doob_speculative_decoding/native_orion.json	20260926	nebula	919711	exact_match_prompts	2	success	advance_to_development	/home/mlw0719/cola_dlm_exploration_storage/runs/003_doob_speculative_decoding/003-nebula-single-smoke-v1	Two-prompt Nebula deployment matches the validated Orion AR reference; 525 identical output tokens, 16 retained graphs, 127 captured rounds, four post-terminal proposals. Deployment evidence only; collection times are not speedup evidence.
003-dev-discovery-ar-v1	2026-09-26T04:07:15.387336+00:00	1ec5078e61909e4eb18105f8444bd7f525bf9986	configs/003_doob_speculative_decoding/native_single_gpu.json	20260926	nebula	922040	completed_prompts	150	success	valid_development_collection	/home/mlw0719/cola_dlm_exploration_storage/runs/003_doob_speculative_decoding/003-dev-discovery-ar-v1	150 prompts and 62637 tokens complete. Corresponding AR/native cohort passes exact output, graph reconstruction and boundary checks. Capture times are not speed evidence.
003-dev-discovery-native-v1	2026-09-26T03:35:13.154411+00:00	1ec5078e61909e4eb18105f8444bd7f525bf9986	configs/003_doob_speculative_decoding/native_single_gpu.json	20260926	nebula	922108	completed_prompts	150	success	valid_development_collection	/home/mlw0719/cola_dlm_exploration_storage/runs/003_doob_speculative_decoding/003-dev-discovery-native-v1	150 prompts and 62637 tokens complete. Corresponding AR/native cohort passes exact output, graph reconstruction and boundary checks. Capture times are not speed evidence.
003-dev-validation-ar-v1	2026-09-26T04:04:09.774422+00:00	1ec5078e61909e4eb18105f8444bd7f525bf9986	configs/003_doob_speculative_decoding/native_single_gpu.json	20260926	nebula	922176	completed_prompts	150	success	valid_development_collection	/home/mlw0719/cola_dlm_exploration_storage/runs/003_doob_speculative_decoding/003-dev-validation-ar-v1	150 prompts and 59707 tokens complete. Corresponding AR/native cohort passes exact output, graph reconstruction and boundary checks. Capture times are not speed evidence.
003-dev-validation-native-v1	2026-09-26T03:34:35.881862+00:00	1ec5078e61909e4eb18105f8444bd7f525bf9986	configs/003_doob_speculative_decoding/native_single_gpu.json	20260926	nebula	922244	completed_prompts	150	success	valid_development_collection	/home/mlw0719/cola_dlm_exploration_storage/runs/003_doob_speculative_decoding/003-dev-validation-native-v1	150 prompts and 59707 tokens complete. Corresponding AR/native cohort passes exact output, graph reconstruction and boundary checks. Capture times are not speed evidence.
003-exact-offline-v1	2026-09-26T04:08:29.365497+00:00	1ec5078e61909e4eb18105f8444bd7f525bf9986	configs/003_doob_speculative_decoding/offline.json	20260927	nebula	940414	uncalibrated/discovery/native/mean_acceptance	2.8508333333333336	success	no_go_proxy_selection_under_fixed_budget	/home/mlw0719/cola_dlm_exploration_storage/runs/003_doob_speculative_decoding/003-exact-offline-v1	150 prompts, 1200 graphs; gain=0; paired 95% CI=[0.0, 0.0]; plus-one gain=0; terminal yield gain=0; method gate=False. See offline_summary.json for controls and discovery-locked selection.
003-exact-offline-v1	2026-09-26T04:08:29.365497+00:00	1ec5078e61909e4eb18105f8444bd7f525bf9986	configs/003_doob_speculative_decoding/offline.json	20260927	nebula	940414	uncalibrated/discovery/prefix_dp/mean_acceptance	2.8908333333333336	success	no_go_proxy_selection_under_fixed_budget	/home/mlw0719/cola_dlm_exploration_storage/runs/003_doob_speculative_decoding/003-exact-offline-v1	150 prompts, 1200 graphs; gain=0.04; paired 95% CI=[0.005833333333333357, 0.07252083333333344]; plus-one gain=0.010387362; terminal yield gain=0.0109058535; method gate=False. See offline_summary.json for controls and discovery-locked selection.
003-exact-offline-v1	2026-09-26T04:08:29.365497+00:00	1ec5078e61909e4eb18105f8444bd7f525bf9986	configs/003_doob_speculative_decoding/offline.json	20260927	nebula	940414	uncalibrated/discovery/full_path/mean_acceptance	2.855	success	no_go_proxy_selection_under_fixed_budget	/home/mlw0719/cola_dlm_exploration_storage/runs/003_doob_speculative_decoding/003-exact-offline-v1	150 prompts, 1200 graphs; gain=0.00416666667; paired 95% CI=[-0.03502083333333386, 0.043333333333333]; plus-one gain=0.00108201688; terminal yield gain=0.0011128422; method gate=False. See offline_summary.json for controls and discovery-locked selection.
003-exact-offline-v1	2026-09-26T04:08:29.365497+00:00	1ec5078e61909e4eb18105f8444bd7f525bf9986	configs/003_doob_speculative_decoding/offline.json	20260927	nebula	940414	uncalibrated/discovery/oracle/mean_acceptance	4.835	success	no_go_proxy_selection_under_fixed_budget	/home/mlw0719/cola_dlm_exploration_storage/runs/003_doob_speculative_decoding/003-exact-offline-v1	150 prompts, 1200 graphs; gain=1.98416667; paired 95% CI=[1.866645833333333, 2.105020833333333]; plus-one gain=0.515256438; terminal yield gain=0.525929223; method gate=True. See offline_summary.json for controls and discovery-locked selection.
003-exact-offline-v1	2026-09-26T04:08:29.365497+00:00	1ec5078e61909e4eb18105f8444bd7f525bf9986	configs/003_doob_speculative_decoding/offline.json	20260927	nebula	940414	uncalibrated/discovery/doob_0/mean_acceptance	2.403515469916098	success	no_go_proxy_selection_under_fixed_budget	/home/mlw0719/cola_dlm_exploration_storage/runs/003_doob_speculative_decoding/003-exact-offline-v1	150 prompts, 1200 graphs; gain=-0.447317863; paired 95% CI=[-0.5067089398578458, -0.3916568663513333]; plus-one gain=-0.116161315; terminal yield gain=-0.113111973; method gate=False. See offline_summary.json for controls and discovery-locked selection.
003-exact-offline-v1	2026-09-26T04:08:29.365497+00:00	1ec5078e61909e4eb18105f8444bd7f525bf9986	configs/003_doob_speculative_decoding/offline.json	20260927	nebula	940414	uncalibrated/discovery/doob_0.1/mean_acceptance	2.440622553847747	success	no_go_proxy_selection_under_fixed_budget	/home/mlw0719/cola_dlm_exploration_storage/runs/003_doob_speculative_decoding/003-exact-offline-v1	150 prompts, 1200 graphs; gain=-0.410210779; paired 95% CI=[-0.467563266635944, -0.3570453904368452]; plus-one gain=-0.106525197; terminal yield gain=-0.103734358; method gate=False. See offline_summary.json for controls and discovery-locked selection.
003-exact-offline-v1	2026-09-26T04:08:29.365497+00:00	1ec5078e61909e4eb18105f8444bd7f525bf9986	configs/003_doob_speculative_decoding/offline.json	20260927	nebula	940414	uncalibrated/discovery/doob_1/mean_acceptance	2.528174962708377	success	no_go_proxy_selection_under_fixed_budget	/home/mlw0719/cola_dlm_exploration_storage/runs/003_doob_speculative_decoding/003-exact-offline-v1	150 prompts, 1200 graphs; gain=-0.322658371; paired 95% CI=[-0.3736857408205023, -0.2766460002517132]; plus-one gain=-0.0837892328; terminal yield gain=-0.0816688478; method gate=False. See offline_summary.json for controls and discovery-locked selection.
003-exact-offline-v1	2026-09-26T04:08:29.365497+00:00	1ec5078e61909e4eb18105f8444bd7f525bf9986	configs/003_doob_speculative_decoding/offline.json	20260927	nebula	940414	uncalibrated/discovery/doob_10/mean_acceptance	2.5779134873758913	success	no_go_proxy_selection_under_fixed_budget	/home/mlw0719/cola_dlm_exploration_storage/runs/003_doob_speculative_decoding/003-exact-offline-v1	150 prompts, 1200 graphs; gain=-0.272919846; paired 95% CI=[-0.32107196319038106, -0.22940628513445896]; plus-one gain=-0.0708729312; terminal yield gain=-0.069123569; method gate=False. See offline_summary.json for controls and discovery-locked selection.
003-exact-offline-v1	2026-09-26T04:08:29.365497+00:00	1ec5078e61909e4eb18105f8444bd7f525bf9986	configs/003_doob_speculative_decoding/offline.json	20260927	nebula	940414	uncalibrated/discovery/doob_100/mean_acceptance	2.586517947296934	success	no_go_proxy_selection_under_fixed_budget	/home/mlw0719/cola_dlm_exploration_storage/runs/003_doob_speculative_decoding/003-exact-offline-v1	150 prompts, 1200 graphs; gain=-0.264315386; paired 95% CI=[-0.31195993077621786, -0.22114035937471002]; plus-one gain=-0.0686384902; terminal yield gain=-0.0669457172; method gate=False. See offline_summary.json for controls and discovery-locked selection.
003-exact-offline-v1	2026-09-26T04:08:29.365497+00:00	1ec5078e61909e4eb18105f8444bd7f525bf9986	configs/003_doob_speculative_decoding/offline.json	20260927	nebula	940414	uncalibrated/discovery/temperature_0.5/mean_acceptance	2.712563930789788	success	no_go_proxy_selection_under_fixed_budget	/home/mlw0719/cola_dlm_exploration_storage/runs/003_doob_speculative_decoding/003-exact-offline-v1	150 prompts, 1200 graphs; gain=-0.138269403; paired 95% CI=[-0.1755226589954962, -0.10288839358220064]; plus-one gain=-0.0359063586; terminal yield gain=-0.0345059723; method gate=False. See offline_summary.json for controls and discovery-locked selection.
003-exact-offline-v1	2026-09-26T04:08:29.365497+00:00	1ec5078e61909e4eb18105f8444bd7f525bf9986	configs/003_doob_speculative_decoding/offline.json	20260927	nebula	940414	uncalibrated/discovery/temperature_0.75/mean_acceptance	2.5759266325773864	success	no_go_proxy_selection_under_fixed_budget	/home/mlw0719/cola_dlm_exploration_storage/runs/003_doob_speculative_decoding/003-exact-offline-v1	150 prompts, 1200 graphs; gain=-0.274906701; paired 95% CI=[-0.3256468111367649, -0.2295189287216918]; plus-one gain=-0.0713888857; terminal yield gain=-0.0691970295; method gate=False. See offline_summary.json for controls and discovery-locked selection.
003-exact-offline-v1	2026-09-26T04:08:29.365497+00:00	1ec5078e61909e4eb18105f8444bd7f525bf9986	configs/003_doob_speculative_decoding/offline.json	20260927	nebula	940414	uncalibrated/discovery/temperature_1/mean_acceptance	2.403515469916098	success	no_go_proxy_selection_under_fixed_budget	/home/mlw0719/cola_dlm_exploration_storage/runs/003_doob_speculative_decoding/003-exact-offline-v1	150 prompts, 1200 graphs; gain=-0.447317863; paired 95% CI=[-0.5067089398578458, -0.3916568663513333]; plus-one gain=-0.116161315; terminal yield gain=-0.113111973; method gate=False. See offline_summary.json for controls and discovery-locked selection.
003-exact-offline-v1	2026-09-26T04:08:29.365497+00:00	1ec5078e61909e4eb18105f8444bd7f525bf9986	configs/003_doob_speculative_decoding/offline.json	20260927	nebula	940414	uncalibrated/discovery/temperature_1.5/mean_acceptance	1.98939040936947	success	no_go_proxy_selection_under_fixed_budget	/home/mlw0719/cola_dlm_exploration_storage/runs/003_doob_speculative_decoding/003-exact-offline-v1	150 prompts, 1200 graphs; gain=-0.861442924; paired 95% CI=[-0.9383604121426874, -0.7864584872106631]; plus-one gain=-0.223702988; terminal yield gain=-0.219074504; method gate=False. See offline_summary.json for controls and discovery-locked selection.
003-exact-offline-v1	2026-09-26T04:08:29.365497+00:00	1ec5078e61909e4eb18105f8444bd7f525bf9986	configs/003_doob_speculative_decoding/offline.json	20260927	nebula	940414	uncalibrated/validation/native/mean_acceptance	2.855833333333333	success	no_go_proxy_selection_under_fixed_budget	/home/mlw0719/cola_dlm_exploration_storage/runs/003_doob_speculative_decoding/003-exact-offline-v1	150 prompts, 1200 graphs; gain=0; paired 95% CI=[0.0, 0.0]; plus-one gain=0; terminal yield gain=0; method gate=False. See offline_summary.json for controls and discovery-locked selection.
003-exact-offline-v1	2026-09-26T04:08:29.365497+00:00	1ec5078e61909e4eb18105f8444bd7f525bf9986	configs/003_doob_speculative_decoding/offline.json	20260927	nebula	940414	uncalibrated/validation/prefix_dp/mean_acceptance	2.8441666666666667	success	no_go_proxy_selection_under_fixed_budget	/home/mlw0719/cola_dlm_exploration_storage/runs/003_doob_speculative_decoding/003-exact-offline-v1	150 prompts, 1200 graphs; gain=-0.0116666667; paired 95% CI=[-0.04749999999999989, 0.024999999999999467]; plus-one gain=-0.00302571861; terminal yield gain=-0.00289145907; method gate=False. See offline_summary.json for controls and discovery-locked selection.
003-exact-offline-v1	2026-09-26T04:08:29.365497+00:00	1ec5078e61909e4eb18105f8444bd7f525bf9986	configs/003_doob_speculative_decoding/offline.json	20260927	nebula	940414	uncalibrated/validation/full_path/mean_acceptance	2.8475	success	no_go_proxy_selection_under_fixed_budget	/home/mlw0719/cola_dlm_exploration_storage/runs/003_doob_speculative_decoding/003-exact-offline-v1	150 prompts, 1200 graphs; gain=-0.00833333333; paired 95% CI=[-0.05999999999999961, 0.040833333333333055]; plus-one gain=-0.00216122758; terminal yield gain=-0.0015569395; method gate=False. See offline_summary.json for controls and discovery-locked selection.
003-exact-offline-v1	2026-09-26T04:08:29.365497+00:00	1ec5078e61909e4eb18105f8444bd7f525bf9986	configs/003_doob_speculative_decoding/offline.json	20260927	nebula	940414	uncalibrated/validation/oracle/mean_acceptance	4.8575	success	no_go_proxy_selection_under_fixed_budget	/home/mlw0719/cola_dlm_exploration_storage/runs/003_doob_speculative_decoding/003-exact-offline-v1	150 prompts, 1200 graphs; gain=2.00166667; paired 95% CI=[1.9025000000000003, 2.1016875]; plus-one gain=0.519126864; terminal yield gain=0.53158363; method gate=True. See offline_summary.json for controls and discovery-locked selection.
003-exact-offline-v1	2026-09-26T04:08:29.365497+00:00	1ec5078e61909e4eb18105f8444bd7f525bf9986	configs/003_doob_speculative_decoding/offline.json	20260927	nebula	940414	uncalibrated/validation/doob_0/mean_acceptance	2.428809956216075	success	no_go_proxy_selection_under_fixed_budget	/home/mlw0719/cola_dlm_exploration_storage/runs/003_doob_speculative_decoding/003-exact-offline-v1	150 prompts, 1200 graphs; gain=-0.427023377; paired 95% CI=[-0.4818561352551195, -0.37483323853056555]; plus-one gain=-0.110747364; terminal yield gain=-0.107471109; method gate=False. See offline_summary.json for controls and discovery-locked selection.
003-exact-offline-v1	2026-09-26T04:08:29.365497+00:00	1ec5078e61909e4eb18105f8444bd7f525bf9986	configs/003_doob_speculative_decoding/offline.json	20260927	nebula	940414	uncalibrated/validation/doob_0.1/mean_acceptance	2.4670715245429307	success	no_go_proxy_selection_under_fixed_budget	/home/mlw0719/cola_dlm_exploration_storage/runs/003_doob_speculative_decoding/003-exact-offline-v1	150 prompts, 1200 graphs; gain=-0.388761809; paired 95% CI=[-0.44133139968006146, -0.33919023425418526]; plus-one gain=-0.100824329; terminal yield gain=-0.0977950655; method gate=False. See offline_summary.json for controls and discovery-locked selection.
003-exact-offline-v1	2026-09-26T04:08:29.365497+00:00	1ec5078e61909e4eb18105f8444bd7f525bf9986	configs/003_doob_speculative_decoding/offline.json	20260927	nebula	940414	uncalibrated/validation/doob_1/mean_acceptance	2.558399263000203	success	no_go_proxy_selection_under_fixed_budget	/home/mlw0719/cola_dlm_exploration_storage/runs/003_doob_speculative_decoding/003-exact-offline-v1	150 prompts, 1200 graphs; gain=-0.29743407; paired 95% CI=[-0.34421529180957067, -0.25257283990919266]; plus-one gain=-0.0771387258; terminal yield gain=-0.0747719726; method gate=False. See offline_summary.json for controls and discovery-locked selection.
003-exact-offline-v1	2026-09-26T04:08:29.365497+00:00	1ec5078e61909e4eb18105f8444bd7f525bf9986	configs/003_doob_speculative_decoding/offline.json	20260927	nebula	940414	uncalibrated/validation/doob_10/mean_acceptance	2.611038285356989	success	no_go_proxy_selection_under_fixed_budget	/home/mlw0719/cola_dlm_exploration_storage/runs/003_doob_speculative_decoding/003-exact-offline-v1	150 prompts, 1200 graphs; gain=-0.244795048; paired 95% CI=[-0.28778672118848997, -0.2024055069328749]; plus-one gain=-0.063486937; terminal yield gain=-0.0614921551; method gate=False. See offline_summary.json for controls and discovery-locked selection.
003-exact-offline-v1	2026-09-26T04:08:29.365497+00:00	1ec5078e61909e4eb18105f8444bd7f525bf9986	configs/003_doob_speculative_decoding/offline.json	20260927	nebula	940414	uncalibrated/validation/doob_100/mean_acceptance	2.6200030243032812	success	no_go_proxy_selection_under_fixed_budget	/home/mlw0719/cola_dlm_exploration_storage/runs/003_doob_speculative_decoding/003-exact-offline-v1	150 prompts, 1200 graphs; gain=-0.235830309; paired 95% CI=[-0.2781317287271443, -0.19417266197826097]; plus-one gain=-0.0611619561; terminal yield gain=-0.0592243969; method gate=False. See offline_summary.json for controls and discovery-locked selection.
003-exact-offline-v1	2026-09-26T04:08:29.365497+00:00	1ec5078e61909e4eb18105f8444bd7f525bf9986	configs/003_doob_speculative_decoding/offline.json	20260927	nebula	940414	uncalibrated/validation/temperature_0.5/mean_acceptance	2.7369747744976256	success	no_go_proxy_selection_under_fixed_budget	/home/mlw0719/cola_dlm_exploration_storage/runs/003_doob_speculative_decoding/003-exact-offline-v1	150 prompts, 1200 graphs; gain=-0.118858559; paired 95% CI=[-0.15442375429910077, -0.08608555429723475]; plus-one gain=-0.0308256474; terminal yield gain=-0.0289909345; method gate=False. See offline_summary.json for controls and discovery-locked selection.
003-exact-offline-v1	2026-09-26T04:08:29.365497+00:00	1ec5078e61909e4eb18105f8444bd7f525bf9986	configs/003_doob_speculative_decoding/offline.json	20260927	nebula	940414	uncalibrated/validation/temperature_0.75/mean_acceptance	2.6042870951421024	success	no_go_proxy_selection_under_fixed_budget	/home/mlw0719/cola_dlm_exploration_storage/runs/003_doob_speculative_decoding/003-exact-offline-v1	150 prompts, 1200 graphs; gain=-0.251546238; paired 95% CI=[-0.2965789715642395, -0.20795304937989437]; plus-one gain=-0.06523784; terminal yield gain=-0.0626644176; method gate=False. See offline_summary.json for controls and discovery-locked selection.
003-exact-offline-v1	2026-09-26T04:08:29.365497+00:00	1ec5078e61909e4eb18105f8444bd7f525bf9986	configs/003_doob_speculative_decoding/offline.json	20260927	nebula	940414	uncalibrated/validation/temperature_1/mean_acceptance	2.428809956216075	success	no_go_proxy_selection_under_fixed_budget	/home/mlw0719/cola_dlm_exploration_storage/runs/003_doob_speculative_decoding/003-exact-offline-v1	150 prompts, 1200 graphs; gain=-0.427023377; paired 95% CI=[-0.4818561352551195, -0.37483323853056555]; plus-one gain=-0.110747364; terminal yield gain=-0.107471109; method gate=False. See offline_summary.json for controls and discovery-locked selection.
003-exact-offline-v1	2026-09-26T04:08:29.365497+00:00	1ec5078e61909e4eb18105f8444bd7f525bf9986	configs/003_doob_speculative_decoding/offline.json	20260927	nebula	940414	uncalibrated/validation/temperature_1.5/mean_acceptance	2.00142689120447	success	no_go_proxy_selection_under_fixed_budget	/home/mlw0719/cola_dlm_exploration_storage/runs/003_doob_speculative_decoding/003-exact-offline-v1	150 prompts, 1200 graphs; gain=-0.854406442; paired 95% CI=[-0.9246893094549815, -0.7852055382612089]; plus-one gain=-0.221588012; terminal yield gain=-0.216965701; method gate=False. See offline_summary.json for controls and discovery-locked selection.
003-exact-offline-v1	2026-09-26T04:08:29.365497+00:00	1ec5078e61909e4eb18105f8444bd7f525bf9986	configs/003_doob_speculative_decoding/offline.json	20260927	nebula	940414	calibrated/discovery/native/mean_acceptance	2.8508333333333336	success	no_go_proxy_selection_under_fixed_budget	/home/mlw0719/cola_dlm_exploration_storage/runs/003_doob_speculative_decoding/003-exact-offline-v1	150 prompts, 1200 graphs; gain=0; paired 95% CI=[0.0, 0.0]; plus-one gain=0; terminal yield gain=0; method gate=False. See offline_summary.json for controls and discovery-locked selection.
003-exact-offline-v1	2026-09-26T04:08:29.365497+00:00	1ec5078e61909e4eb18105f8444bd7f525bf9986	configs/003_doob_speculative_decoding/offline.json	20260927	nebula	940414	calibrated/discovery/prefix_dp/mean_acceptance	2.8925	success	no_go_proxy_selection_under_fixed_budget	/home/mlw0719/cola_dlm_exploration_storage/runs/003_doob_speculative_decoding/003-exact-offline-v1	150 prompts, 1200 graphs; gain=0.0416666667; paired 95% CI=[0.0066666666666663765, 0.07500000000000018]; plus-one gain=0.0108201688; terminal yield gain=0.0113509904; method gate=False. See offline_summary.json for controls and discovery-locked selection.
003-exact-offline-v1	2026-09-26T04:08:29.365497+00:00	1ec5078e61909e4eb18105f8444bd7f525bf9986	configs/003_doob_speculative_decoding/offline.json	20260927	nebula	940414	calibrated/discovery/full_path/mean_acceptance	2.855	success	no_go_proxy_selection_under_fixed_budget	/home/mlw0719/cola_dlm_exploration_storage/runs/003_doob_speculative_decoding/003-exact-offline-v1	150 prompts, 1200 graphs; gain=0.00416666667; paired 95% CI=[-0.03502083333333386, 0.043333333333333]; plus-one gain=0.00108201688; terminal yield gain=0.0011128422; method gate=False. See offline_summary.json for controls and discovery-locked selection.
003-exact-offline-v1	2026-09-26T04:08:29.365497+00:00	1ec5078e61909e4eb18105f8444bd7f525bf9986	configs/003_doob_speculative_decoding/offline.json	20260927	nebula	940414	calibrated/discovery/oracle/mean_acceptance	4.835	success	no_go_proxy_selection_under_fixed_budget	/home/mlw0719/cola_dlm_exploration_storage/runs/003_doob_speculative_decoding/003-exact-offline-v1	150 prompts, 1200 graphs; gain=1.98416667; paired 95% CI=[1.866645833333333, 2.105020833333333]; plus-one gain=0.515256438; terminal yield gain=0.525929223; method gate=True. See offline_summary.json for controls and discovery-locked selection.
003-exact-offline-v1	2026-09-26T04:08:29.365497+00:00	1ec5078e61909e4eb18105f8444bd7f525bf9986	configs/003_doob_speculative_decoding/offline.json	20260927	nebula	940414	calibrated/discovery/doob_0/mean_acceptance	2.403515469916098	success	no_go_proxy_selection_under_fixed_budget	/home/mlw0719/cola_dlm_exploration_storage/runs/003_doob_speculative_decoding/003-exact-offline-v1	150 prompts, 1200 graphs; gain=-0.447317863; paired 95% CI=[-0.5067089398578458, -0.3916568663513333]; plus-one gain=-0.116161315; terminal yield gain=-0.113111973; method gate=False. See offline_summary.json for controls and discovery-locked selection.
003-exact-offline-v1	2026-09-26T04:08:29.365497+00:00	1ec5078e61909e4eb18105f8444bd7f525bf9986	configs/003_doob_speculative_decoding/offline.json	20260927	nebula	940414	calibrated/discovery/doob_0.1/mean_acceptance	2.429142713147398	success	no_go_proxy_selection_under_fixed_budget	/home/mlw0719/cola_dlm_exploration_storage/runs/003_doob_speculative_decoding/003-exact-offline-v1	150 prompts, 1200 graphs; gain=-0.42169062; paired 95% CI=[-0.4800765935368402, -0.3677195214787116]; plus-one gain=-0.109506329; terminal yield gain=-0.10663134; method gate=False. See offline_summary.json for controls and discovery-locked selection.
003-exact-offline-v1	2026-09-26T04:08:29.365497+00:00	1ec5078e61909e4eb18105f8444bd7f525bf9986	configs/003_doob_speculative_decoding/offline.json	20260927	nebula	940414	calibrated/discovery/doob_1/mean_acceptance	2.5017878984019544	success	no_go_proxy_selection_under_fixed_budget	/home/mlw0719/cola_dlm_exploration_storage/runs/003_doob_speculative_decoding/003-exact-offline-v1	150 prompts, 1200 graphs; gain=-0.349045435; paired 95% CI=[-0.40242504788847605, -0.30142651414621197]; plus-one gain=-0.0906415326; terminal yield gain=-0.0883203646; method gate=False. See offline_summary.json for controls and discovery-locked selection.
003-exact-offline-v1	2026-09-26T04:08:29.365497+00:00	1ec5078e61909e4eb18105f8444bd7f525bf9986	configs/003_doob_speculative_decoding/offline.json	20260927	nebula	940414	calibrated/discovery/doob_10/mean_acceptance	2.551280741759425	success	no_go_proxy_selection_under_fixed_budget	/home/mlw0719/cola_dlm_exploration_storage/runs/003_doob_speculative_decoding/003-exact-offline-v1	150 prompts, 1200 graphs; gain=-0.299552592; paired 95% CI=[-0.3498021030788538, -0.2542388044513673]; plus-one gain=-0.0777890305; terminal yield gain=-0.075854049; method gate=False. See offline_summary.json for controls and discovery-locked selection.
003-exact-offline-v1	2026-09-26T04:08:29.365497+00:00	1ec5078e61909e4eb18105f8444bd7f525bf9986	configs/003_doob_speculative_decoding/offline.json	20260927	nebula	940414	calibrated/discovery/doob_100/mean_acceptance	2.560712815598855	success	no_go_proxy_selection_under_fixed_budget	/home/mlw0719/cola_dlm_exploration_storage/runs/003_doob_speculative_decoding/003-exact-offline-v1	150 prompts, 1200 graphs; gain=-0.290120518; paired 95% CI=[-0.3395869825135734, -0.24501929662781813]; plus-one gain=-0.0753396713; terminal yield gain=-0.0734709554; method gate=False. See offline_summary.json for controls and discovery-locked selection.
003-exact-offline-v1	2026-09-26T04:08:29.365497+00:00	1ec5078e61909e4eb18105f8444bd7f525bf9986	configs/003_doob_speculative_decoding/offline.json	20260927	nebula	940414	calibrated/discovery/temperature_0.5/mean_acceptance	2.712563930789788	success	no_go_proxy_selection_under_fixed_budget	/home/mlw0719/cola_dlm_exploration_storage/runs/003_doob_speculative_decoding/003-exact-offline-v1	150 prompts, 1200 graphs; gain=-0.138269403; paired 95% CI=[-0.1755226589954962, -0.10288839358220064]; plus-one gain=-0.0359063586; terminal yield gain=-0.0345059723; method gate=False. See offline_summary.json for controls and discovery-locked selection.
003-exact-offline-v1	2026-09-26T04:08:29.365497+00:00	1ec5078e61909e4eb18105f8444bd7f525bf9986	configs/003_doob_speculative_decoding/offline.json	20260927	nebula	940414	calibrated/discovery/temperature_0.75/mean_acceptance	2.5759266325773864	success	no_go_proxy_selection_under_fixed_budget	/home/mlw0719/cola_dlm_exploration_storage/runs/003_doob_speculative_decoding/003-exact-offline-v1	150 prompts, 1200 graphs; gain=-0.274906701; paired 95% CI=[-0.3256468111367649, -0.2295189287216918]; plus-one gain=-0.0713888857; terminal yield gain=-0.0691970295; method gate=False. See offline_summary.json for controls and discovery-locked selection.
003-exact-offline-v1	2026-09-26T04:08:29.365497+00:00	1ec5078e61909e4eb18105f8444bd7f525bf9986	configs/003_doob_speculative_decoding/offline.json	20260927	nebula	940414	calibrated/discovery/temperature_1/mean_acceptance	2.403515469916098	success	no_go_proxy_selection_under_fixed_budget	/home/mlw0719/cola_dlm_exploration_storage/runs/003_doob_speculative_decoding/003-exact-offline-v1	150 prompts, 1200 graphs; gain=-0.447317863; paired 95% CI=[-0.5067089398578458, -0.3916568663513333]; plus-one gain=-0.116161315; terminal yield gain=-0.113111973; method gate=False. See offline_summary.json for controls and discovery-locked selection.
003-exact-offline-v1	2026-09-26T04:08:29.365497+00:00	1ec5078e61909e4eb18105f8444bd7f525bf9986	configs/003_doob_speculative_decoding/offline.json	20260927	nebula	940414	calibrated/discovery/temperature_1.5/mean_acceptance	1.98939040936947	success	no_go_proxy_selection_under_fixed_budget	/home/mlw0719/cola_dlm_exploration_storage/runs/003_doob_speculative_decoding/003-exact-offline-v1	150 prompts, 1200 graphs; gain=-0.861442924; paired 95% CI=[-0.9383604121426874, -0.7864584872106631]; plus-one gain=-0.223702988; terminal yield gain=-0.219074504; method gate=False. See offline_summary.json for controls and discovery-locked selection.
003-exact-offline-v1	2026-09-26T04:08:29.365497+00:00	1ec5078e61909e4eb18105f8444bd7f525bf9986	configs/003_doob_speculative_decoding/offline.json	20260927	nebula	940414	calibrated/validation/native/mean_acceptance	2.855833333333333	success	no_go_proxy_selection_under_fixed_budget	/home/mlw0719/cola_dlm_exploration_storage/runs/003_doob_speculative_decoding/003-exact-offline-v1	150 prompts, 1200 graphs; gain=0; paired 95% CI=[0.0, 0.0]; plus-one gain=0; terminal yield gain=0; method gate=False. See offline_summary.json for controls and discovery-locked selection.
003-exact-offline-v1	2026-09-26T04:08:29.365497+00:00	1ec5078e61909e4eb18105f8444bd7f525bf9986	configs/003_doob_speculative_decoding/offline.json	20260927	nebula	940414	calibrated/validation/prefix_dp/mean_acceptance	2.841666666666667	success	no_go_proxy_selection_under_fixed_budget	/home/mlw0719/cola_dlm_exploration_storage/runs/003_doob_speculative_decoding/003-exact-offline-v1	150 prompts, 1200 graphs; gain=-0.0141666667; paired 95% CI=[-0.05416666666666625, 0.02416666666666647]; plus-one gain=-0.00367408688; terminal yield gain=-0.00333629893; method gate=False. See offline_summary.json for controls and discovery-locked selection.
003-exact-offline-v1	2026-09-26T04:08:29.365497+00:00	1ec5078e61909e4eb18105f8444bd7f525bf9986	configs/003_doob_speculative_decoding/offline.json	20260927	nebula	940414	calibrated/validation/full_path/mean_acceptance	2.8475	success	no_go_proxy_selection_under_fixed_budget	/home/mlw0719/cola_dlm_exploration_storage/runs/003_doob_speculative_decoding/003-exact-offline-v1	150 prompts, 1200 graphs; gain=-0.00833333333; paired 95% CI=[-0.05999999999999961, 0.040833333333333055]; plus-one gain=-0.00216122758; terminal yield gain=-0.0015569395; method gate=False. See offline_summary.json for controls and discovery-locked selection.
003-exact-offline-v1	2026-09-26T04:08:29.365497+00:00	1ec5078e61909e4eb18105f8444bd7f525bf9986	configs/003_doob_speculative_decoding/offline.json	20260927	nebula	940414	calibrated/validation/oracle/mean_acceptance	4.8575	success	no_go_proxy_selection_under_fixed_budget	/home/mlw0719/cola_dlm_exploration_storage/runs/003_doob_speculative_decoding/003-exact-offline-v1	150 prompts, 1200 graphs; gain=2.00166667; paired 95% CI=[1.9025000000000003, 2.1016875]; plus-one gain=0.519126864; terminal yield gain=0.53158363; method gate=True. See offline_summary.json for controls and discovery-locked selection.
003-exact-offline-v1	2026-09-26T04:08:29.365497+00:00	1ec5078e61909e4eb18105f8444bd7f525bf9986	configs/003_doob_speculative_decoding/offline.json	20260927	nebula	940414	calibrated/validation/doob_0/mean_acceptance	2.428809956216075	success	no_go_proxy_selection_under_fixed_budget	/home/mlw0719/cola_dlm_exploration_storage/runs/003_doob_speculative_decoding/003-exact-offline-v1	150 prompts, 1200 graphs; gain=-0.427023377; paired 95% CI=[-0.4818561352551195, -0.37483323853056555]; plus-one gain=-0.110747364; terminal yield gain=-0.107471109; method gate=False. See offline_summary.json for controls and discovery-locked selection.
003-exact-offline-v1	2026-09-26T04:08:29.365497+00:00	1ec5078e61909e4eb18105f8444bd7f525bf9986	configs/003_doob_speculative_decoding/offline.json	20260927	nebula	940414	calibrated/validation/doob_0.1/mean_acceptance	2.4556914661831937	success	no_go_proxy_selection_under_fixed_budget	/home/mlw0719/cola_dlm_exploration_storage/runs/003_doob_speculative_decoding/003-exact-offline-v1	150 prompts, 1200 graphs; gain=-0.400141867; paired 95% CI=[-0.4531151905866366, -0.3499275106567096]; plus-one gain=-0.103775717; terminal yield gain=-0.100673199; method gate=False. See offline_summary.json for controls and discovery-locked selection.
003-exact-offline-v1	2026-09-26T04:08:29.365497+00:00	1ec5078e61909e4eb18105f8444bd7f525bf9986	configs/003_doob_speculative_decoding/offline.json	20260927	nebula	940414	calibrated/validation/doob_1/mean_acceptance	2.5327208085828996	success	no_go_proxy_selection_under_fixed_budget	/home/mlw0719/cola_dlm_exploration_storage/runs/003_doob_speculative_decoding/003-exact-offline-v1	150 prompts, 1200 graphs; gain=-0.323112525; paired 95% CI=[-0.37174025510595393, -0.2766252070952685]; plus-one gain=-0.0837983639; terminal yield gain=-0.0812532328; method gate=False. See offline_summary.json for controls and discovery-locked selection.
003-exact-offline-v1	2026-09-26T04:08:29.365497+00:00	1ec5078e61909e4eb18105f8444bd7f525bf9986	configs/003_doob_speculative_decoding/offline.json	20260927	nebula	940414	calibrated/validation/doob_10/mean_acceptance	2.585898971887189	success	no_go_proxy_selection_under_fixed_budget	/home/mlw0719/cola_dlm_exploration_storage/runs/003_doob_speculative_decoding/003-exact-offline-v1	150 prompts, 1200 graphs; gain=-0.269934361; paired 95% CI=[-0.31508214040252486, -0.2260365150757996]; plus-one gain=-0.0700067503; terminal yield gain=-0.0678484446; method gate=False. See offline_summary.json for controls and discovery-locked selection.
003-exact-offline-v1	2026-09-26T04:08:29.365497+00:00	1ec5078e61909e4eb18105f8444bd7f525bf9986	configs/003_doob_speculative_decoding/offline.json	20260927	nebula	940414	calibrated/validation/doob_100/mean_acceptance	2.5958728585184394	success	no_go_proxy_selection_under_fixed_budget	/home/mlw0719/cola_dlm_exploration_storage/runs/003_doob_speculative_decoding/003-exact-offline-v1	150 prompts, 1200 graphs; gain=-0.259960475; paired 95% CI=[-0.3043538109324312, -0.21654415347587294]; plus-one gain=-0.0674200497; terminal yield gain=-0.0653281313; method gate=False. See offline_summary.json for controls and discovery-locked selection.
003-exact-offline-v1	2026-09-26T04:08:29.365497+00:00	1ec5078e61909e4eb18105f8444bd7f525bf9986	configs/003_doob_speculative_decoding/offline.json	20260927	nebula	940414	calibrated/validation/temperature_0.5/mean_acceptance	2.7369747744976256	success	no_go_proxy_selection_under_fixed_budget	/home/mlw0719/cola_dlm_exploration_storage/runs/003_doob_speculative_decoding/003-exact-offline-v1	150 prompts, 1200 graphs; gain=-0.118858559; paired 95% CI=[-0.15442375429910077, -0.08608555429723475]; plus-one gain=-0.0308256474; terminal yield gain=-0.0289909345; method gate=False. See offline_summary.json for controls and discovery-locked selection.
003-exact-offline-v1	2026-09-26T04:08:29.365497+00:00	1ec5078e61909e4eb18105f8444bd7f525bf9986	configs/003_doob_speculative_decoding/offline.json	20260927	nebula	940414	calibrated/validation/temperature_0.75/mean_acceptance	2.6042870951421024	success	no_go_proxy_selection_under_fixed_budget	/home/mlw0719/cola_dlm_exploration_storage/runs/003_doob_speculative_decoding/003-exact-offline-v1	150 prompts, 1200 graphs; gain=-0.251546238; paired 95% CI=[-0.2965789715642395, -0.20795304937989437]; plus-one gain=-0.06523784; terminal yield gain=-0.0626644176; method gate=False. See offline_summary.json for controls and discovery-locked selection.
003-exact-offline-v1	2026-09-26T04:08:29.365497+00:00	1ec5078e61909e4eb18105f8444bd7f525bf9986	configs/003_doob_speculative_decoding/offline.json	20260927	nebula	940414	calibrated/validation/temperature_1/mean_acceptance	2.428809956216075	success	no_go_proxy_selection_under_fixed_budget	/home/mlw0719/cola_dlm_exploration_storage/runs/003_doob_speculative_decoding/003-exact-offline-v1	150 prompts, 1200 graphs; gain=-0.427023377; paired 95% CI=[-0.4818561352551195, -0.37483323853056555]; plus-one gain=-0.110747364; terminal yield gain=-0.107471109; method gate=False. See offline_summary.json for controls and discovery-locked selection.
003-exact-offline-v1	2026-09-26T04:08:29.365497+00:00	1ec5078e61909e4eb18105f8444bd7f525bf9986	configs/003_doob_speculative_decoding/offline.json	20260927	nebula	940414	calibrated/validation/temperature_1.5/mean_acceptance	2.00142689120447	success	no_go_proxy_selection_under_fixed_budget	/home/mlw0719/cola_dlm_exploration_storage/runs/003_doob_speculative_decoding/003-exact-offline-v1	150 prompts, 1200 graphs; gain=-0.854406442; paired 95% CI=[-0.9246893094549815, -0.7852055382612089]; plus-one gain=-0.221588012; terminal yield gain=-0.216965701; method gate=False. See offline_summary.json for controls and discovery-locked selection.
003-exact-offline-v1	2026-09-26T04:08:29.365497+00:00	1ec5078e61909e4eb18105f8444bd7f525bf9986	configs/003_doob_speculative_decoding/offline.json	20260926	nebula	940414	calibration_temperature	1.1567380502772315	success	one_calibration_complete	/home/mlw0719/cola_dlm_exploration_storage/runs/003_doob_speculative_decoding/003-exact-offline-v1	Discovery-only fit on 5802 covered true-prefix labels; empirical depthwise coverage. Complete parameters and counts in offline_summary.json.
003-exact-offline-v1	2026-09-26T04:08:29.365497+00:00	1ec5078e61909e4eb18105f8444bd7f525bf9986	configs/003_doob_speculative_decoding/offline.json	20260927	nebula	940414	validation_survivors	0	success	no_go_proxy_selection_under_fixed_budget	/home/mlw0719/cola_dlm_exploration_storage/runs/003_doob_speculative_decoding/003-exact-offline-v1	Offline engineering no-go: candidate oracle headroom exists, but neither Prefix-DP nor positive-strength Doob passes after the permitted calibration. Stages 5-6 not activated; no end-to-end selector speed claim; final 600 prompts unused.
003-closure-diagnostics-v1	2026-09-26T04:29:39.307154+00:00	1357e7c196bfae415ff4636b8a84eb34e27c782d	configs/003_doob_speculative_decoding/closure_diagnostics.json	20260927	nebula	947150	uncalibrated/discovery/q/acceptance_gain	-0.44731786341723545	success	retain_no_go_with_marginal_fallback_oracle	/home/mlw0719/cola_dlm_exploration_storage/runs/003_doob_speculative_decoding/003-closure-diagnostics-v1	150 prompts, 1200 graphs; paired 95% CI=[-0.5067089398578458, -0.3916568663513333]; plus-one gain=-0.11616131488869996; plus-one CI=[-0.12912943907518096, -0.10367965156922822]. Future-label oracle diagnostics are not deployment or speed claims.
003-closure-diagnostics-v1	2026-09-26T04:29:39.307154+00:00	1357e7c196bfae415ff4636b8a84eb34e27c782d	configs/003_doob_speculative_decoding/closure_diagnostics.json	20260927	nebula	947150	uncalibrated/discovery/lambda_infinity/acceptance_gain	-0.2632671637415811	success	retain_no_go_with_marginal_fallback_oracle	/home/mlw0719/cola_dlm_exploration_storage/runs/003_doob_speculative_decoding/003-closure-diagnostics-v1	150 prompts, 1200 graphs; paired 95% CI=[-0.31086255378500527, -0.22011547138498364]; plus-one gain=-0.06836628359443785; plus-one CI=[-0.07902269694781228, -0.05825585442734833]. Future-label oracle diagnostics are not deployment or speed claims.
003-closure-diagnostics-v1	2026-09-26T04:29:39.307154+00:00	1357e7c196bfae415ff4636b8a84eb34e27c782d	configs/003_doob_speculative_decoding/closure_diagnostics.json	20260927	nebula	947150	uncalibrated/discovery/doob_family/acceptance_gain	-0.23922335608105438	success	retain_no_go_with_marginal_fallback_oracle	/home/mlw0719/cola_dlm_exploration_storage/runs/003_doob_speculative_decoding/003-closure-diagnostics-v1	150 prompts, 1200 graphs; paired 95% CI=[-0.28767389968951596, -0.19572938143874918]; plus-one gain=-0.0621224902179756; plus-one CI=[-0.07285627605469036, -0.051874370641709196]. Future-label oracle diagnostics are not deployment or speed claims.
003-closure-diagnostics-v1	2026-09-26T04:29:39.307154+00:00	1357e7c196bfae415ff4636b8a84eb34e27c782d	configs/003_doob_speculative_decoding/closure_diagnostics.json	20260927	nebula	947150	uncalibrated/discovery/doob_native_fallback/acceptance_gain	0.13044450791320283	success	retain_no_go_with_marginal_fallback_oracle	/home/mlw0719/cola_dlm_exploration_storage/runs/003_doob_speculative_decoding/003-closure-diagnostics-v1	150 prompts, 1200 graphs; paired 95% CI=[0.11273789452350566, 0.14791069268422388]; plus-one gain=0.033874358254889284; plus-one CI=[0.028688312447394535, 0.03928022448839462]. Future-label oracle diagnostics are not deployment or speed claims.
003-closure-diagnostics-v1	2026-09-26T04:29:39.307154+00:00	1357e7c196bfae415ff4636b8a84eb34e27c782d	configs/003_doob_speculative_decoding/closure_diagnostics.json	20260927	nebula	947150	uncalibrated/discovery/prefix_dp/acceptance_gain	0.040000000000000036	success	retain_no_go_with_marginal_fallback_oracle	/home/mlw0719/cola_dlm_exploration_storage/runs/003_doob_speculative_decoding/003-closure-diagnostics-v1	150 prompts, 1200 graphs; paired 95% CI=[0.005833333333333357, 0.07252083333333344]; plus-one gain=0.010387362042847877; plus-one CI=[0.0015323741561914224, 0.01910736399072338]. Future-label oracle diagnostics are not deployment or speed claims.
003-closure-diagnostics-v1	2026-09-26T04:29:39.307154+00:00	1357e7c196bfae415ff4636b8a84eb34e27c782d	configs/003_doob_speculative_decoding/closure_diagnostics.json	20260927	nebula	947150	uncalibrated/discovery/native_dp_oracle/acceptance_gain	0.08333333333333304	success	retain_no_go_with_marginal_fallback_oracle	/home/mlw0719/cola_dlm_exploration_storage/runs/003_doob_speculative_decoding/003-closure-diagnostics-v1	150 prompts, 1200 graphs; paired 95% CI=[0.054166666666666696, 0.11252083333333347]; plus-one gain=0.021640337589266315; plus-one CI=[0.014019060879981393, 0.029534503720439708]. Future-label oracle diagnostics are not deployment or speed claims.
003-closure-diagnostics-v1	2026-09-26T04:29:39.307154+00:00	1357e7c196bfae415ff4636b8a84eb34e27c782d	configs/003_doob_speculative_decoding/closure_diagnostics.json	20260927	nebula	947150	uncalibrated/discovery/dp_positive_gain	0.08333333333333333	success	retain_no_go_with_marginal_fallback_oracle	/home/mlw0719/cola_dlm_exploration_storage/runs/003_doob_speculative_decoding/003-closure-diagnostics-v1	Paired prompt-bootstrap 95% CI=[0.05416666666666667, 0.11252083333333322]. Exact decomposition of the historical DP result; see divergence counts in the diagnostic summary.
003-closure-diagnostics-v1	2026-09-26T04:29:39.307154+00:00	1357e7c196bfae415ff4636b8a84eb34e27c782d	configs/003_doob_speculative_decoding/closure_diagnostics.json	20260927	nebula	947150	uncalibrated/discovery/dp_negative_loss	0.043333333333333335	success	retain_no_go_with_marginal_fallback_oracle	/home/mlw0719/cola_dlm_exploration_storage/runs/003_doob_speculative_decoding/003-closure-diagnostics-v1	Paired prompt-bootstrap 95% CI=[0.025000000000000005, 0.06416666666666666]. Exact decomposition of the historical DP result; see divergence counts in the diagnostic summary.
003-closure-diagnostics-v1	2026-09-26T04:29:39.307154+00:00	1357e7c196bfae415ff4636b8a84eb34e27c782d	configs/003_doob_speculative_decoding/closure_diagnostics.json	20260927	nebula	947150	uncalibrated/discovery/maximum_historical_reproduction_error	0.0	success	retain_no_go_with_marginal_fallback_oracle	/home/mlw0719/cola_dlm_exploration_storage/runs/003_doob_speculative_decoding/003-closure-diagnostics-v1	Recomputed native and DP acceptance, covariance and all five Doob-grid expectations agree with the original per-context records.
003-closure-diagnostics-v1	2026-09-26T04:29:39.307154+00:00	1357e7c196bfae415ff4636b8a84eb34e27c782d	configs/003_doob_speculative_decoding/closure_diagnostics.json	20260927	nebula	947150	uncalibrated/validation/q/acceptance_gain	-0.427023377117258	success	retain_no_go_with_marginal_fallback_oracle	/home/mlw0719/cola_dlm_exploration_storage/runs/003_doob_speculative_decoding/003-closure-diagnostics-v1	150 prompts, 1200 graphs; paired 95% CI=[-0.4818561352551195, -0.37483323853056555]; plus-one gain=-0.11074736385146092; plus-one CI=[-0.12315619325051627, -0.09886370761971346]. Future-label oracle diagnostics are not deployment or speed claims.
003-closure-diagnostics-v1	2026-09-26T04:29:39.307154+00:00	1357e7c196bfae415ff4636b8a84eb34e27c782d	configs/003_doob_speculative_decoding/closure_diagnostics.json	20260927	nebula	947150	uncalibrated/validation/lambda_infinity/acceptance_gain	-0.23474956991091833	success	retain_no_go_with_marginal_fallback_oracle	/home/mlw0719/cola_dlm_exploration_storage/runs/003_doob_speculative_decoding/003-closure-diagnostics-v1	150 prompts, 1200 graphs; paired 95% CI=[-0.2769424439891823, -0.19322174377120319]; plus-one gain=-0.060881669309077596; plus-one CI=[-0.07099628180051738, -0.05075162778496757]. Future-label oracle diagnostics are not deployment or speed claims.
003-closure-diagnostics-v1	2026-09-26T04:29:39.307154+00:00	1357e7c196bfae415ff4636b8a84eb34e27c782d	configs/003_doob_speculative_decoding/closure_diagnostics.json	20260927	nebula	947150	uncalibrated/validation/doob_family/acceptance_gain	-0.2135939500277746	success	retain_no_go_with_marginal_fallback_oracle	/home/mlw0719/cola_dlm_exploration_storage/runs/003_doob_speculative_decoding/003-closure-diagnostics-v1	150 prompts, 1200 graphs; paired 95% CI=[-0.2573610219803578, -0.17131754646015723]; plus-one gain=-0.0553950162164101; plus-one CI=[-0.06596183971551346, -0.0448963494229818]. Future-label oracle diagnostics are not deployment or speed claims.
003-closure-diagnostics-v1	2026-09-26T04:29:39.307154+00:00	1357e7c196bfae415ff4636b8a84eb34e27c782d	configs/003_doob_speculative_decoding/closure_diagnostics.json	20260927	nebula	947150	uncalibrated/validation/doob_native_fallback/acceptance_gain	0.1303038152231557	success	retain_no_go_with_marginal_fallback_oracle	/home/mlw0719/cola_dlm_exploration_storage/runs/003_doob_speculative_decoding/003-closure-diagnostics-v1	150 prompts, 1200 graphs; paired 95% CI=[0.11486009277772617, 0.14569033552663663]; plus-one gain=0.033793943865957826; plus-one CI=[0.02953973353683401, 0.038278252797761154]. Future-label oracle diagnostics are not deployment or speed claims.
003-closure-diagnostics-v1	2026-09-26T04:29:39.307154+00:00	1357e7c196bfae415ff4636b8a84eb34e27c782d	configs/003_doob_speculative_decoding/closure_diagnostics.json	20260927	nebula	947150	uncalibrated/validation/prefix_dp/acceptance_gain	-0.01166666666666627	success	retain_no_go_with_marginal_fallback_oracle	/home/mlw0719/cola_dlm_exploration_storage/runs/003_doob_speculative_decoding/003-closure-diagnostics-v1	150 prompts, 1200 graphs; paired 95% CI=[-0.04749999999999989, 0.024999999999999467]; plus-one gain=-0.0030257186081693375; plus-one CI=[-0.01230350880434516, 0.006504345739613532]. Future-label oracle diagnostics are not deployment or speed claims.
003-closure-diagnostics-v1	2026-09-26T04:29:39.307154+00:00	1357e7c196bfae415ff4636b8a84eb34e27c782d	configs/003_doob_speculative_decoding/closure_diagnostics.json	20260927	nebula	947150	uncalibrated/validation/native_dp_oracle/acceptance_gain	0.046666666666666856	success	retain_no_go_with_marginal_fallback_oracle	/home/mlw0719/cola_dlm_exploration_storage/runs/003_doob_speculative_decoding/003-closure-diagnostics-v1	150 prompts, 1200 graphs; paired 95% CI=[0.02583333333333293, 0.07249999999999979]; plus-one gain=0.012102874432677812; plus-one CI=[0.0066211033469147605, 0.018672619484860542]. Future-label oracle diagnostics are not deployment or speed claims.
003-closure-diagnostics-v1	2026-09-26T04:29:39.307154+00:00	1357e7c196bfae415ff4636b8a84eb34e27c782d	configs/003_doob_speculative_decoding/closure_diagnostics.json	20260927	nebula	947150	uncalibrated/validation/dp_positive_gain	0.04666666666666667	success	retain_no_go_with_marginal_fallback_oracle	/home/mlw0719/cola_dlm_exploration_storage/runs/003_doob_speculative_decoding/003-closure-diagnostics-v1	Paired prompt-bootstrap 95% CI=[0.025833333333333333, 0.0725]. Exact decomposition of the historical DP result; see divergence counts in the diagnostic summary.
003-closure-diagnostics-v1	2026-09-26T04:29:39.307154+00:00	1357e7c196bfae415ff4636b8a84eb34e27c782d	configs/003_doob_speculative_decoding/closure_diagnostics.json	20260927	nebula	947150	uncalibrated/validation/dp_negative_loss	0.05833333333333333	success	retain_no_go_with_marginal_fallback_oracle	/home/mlw0719/cola_dlm_exploration_storage/runs/003_doob_speculative_decoding/003-closure-diagnostics-v1	Paired prompt-bootstrap 95% CI=[0.03333333333333333, 0.08916666666666667]. Exact decomposition of the historical DP result; see divergence counts in the diagnostic summary.
003-closure-diagnostics-v1	2026-09-26T04:29:39.307154+00:00	1357e7c196bfae415ff4636b8a84eb34e27c782d	configs/003_doob_speculative_decoding/closure_diagnostics.json	20260927	nebula	947150	uncalibrated/validation/maximum_historical_reproduction_error	0.0	success	retain_no_go_with_marginal_fallback_oracle	/home/mlw0719/cola_dlm_exploration_storage/runs/003_doob_speculative_decoding/003-closure-diagnostics-v1	Recomputed native and DP acceptance, covariance and all five Doob-grid expectations agree with the original per-context records.
003-closure-diagnostics-v1	2026-09-26T04:29:39.307154+00:00	1357e7c196bfae415ff4636b8a84eb34e27c782d	configs/003_doob_speculative_decoding/closure_diagnostics.json	20260927	nebula	947150	calibrated/discovery/q/acceptance_gain	-0.44731786341723545	success	retain_no_go_with_marginal_fallback_oracle	/home/mlw0719/cola_dlm_exploration_storage/runs/003_doob_speculative_decoding/003-closure-diagnostics-v1	150 prompts, 1200 graphs; paired 95% CI=[-0.5067089398578458, -0.3916568663513333]; plus-one gain=-0.11616131488869996; plus-one CI=[-0.12912943907518096, -0.10367965156922822]. Future-label oracle diagnostics are not deployment or speed claims.
003-closure-diagnostics-v1	2026-09-26T04:29:39.307154+00:00	1357e7c196bfae415ff4636b8a84eb34e27c782d	configs/003_doob_speculative_decoding/closure_diagnostics.json	20260927	nebula	947150	calibrated/discovery/lambda_infinity/acceptance_gain	-0.28894539863679203	success	retain_no_go_with_marginal_fallback_oracle	/home/mlw0719/cola_dlm_exploration_storage/runs/003_doob_speculative_decoding/003-closure-diagnostics-v1	150 prompts, 1200 graphs; paired 95% CI=[-0.3383193385812115, -0.24395092796793694]; plus-one gain=-0.07503451165638399; plus-one CI=[-0.08608757992357804, -0.06470357136540408]. Future-label oracle diagnostics are not deployment or speed claims.
003-closure-diagnostics-v1	2026-09-26T04:29:39.307154+00:00	1357e7c196bfae415ff4636b8a84eb34e27c782d	configs/003_doob_speculative_decoding/closure_diagnostics.json	20260927	nebula	947150	calibrated/discovery/doob_family/acceptance_gain	-0.2681364272072786	success	retain_no_go_with_marginal_fallback_oracle	/home/mlw0719/cola_dlm_exploration_storage/runs/003_doob_speculative_decoding/003-closure-diagnostics-v1	150 prompts, 1200 graphs; paired 95% CI=[-0.31874953198637956, -0.22273492195954608]; plus-one gain=-0.06963075365694316; plus-one CI=[-0.08087612490414127, -0.0590367441649309]. Future-label oracle diagnostics are not deployment or speed claims.
003-closure-diagnostics-v1	2026-09-26T04:29:39.307154+00:00	1357e7c196bfae415ff4636b8a84eb34e27c782d	configs/003_doob_speculative_decoding/closure_diagnostics.json	20260927	nebula	947150	calibrated/discovery/doob_native_fallback/acceptance_gain	0.12870931668602736	success	retain_no_go_with_marginal_fallback_oracle	/home/mlw0719/cola_dlm_exploration_storage/runs/003_doob_speculative_decoding/003-closure-diagnostics-v1	150 prompts, 1200 graphs; paired 95% CI=[0.11149910259145485, 0.1460449231256015]; plus-one gain=0.03342375676763316; plus-one CI=[0.02827676248489873, 0.038768711194504535]. Future-label oracle diagnostics are not deployment or speed claims.
003-closure-diagnostics-v1	2026-09-26T04:29:39.307154+00:00	1357e7c196bfae415ff4636b8a84eb34e27c782d	configs/003_doob_speculative_decoding/closure_diagnostics.json	20260927	nebula	947150	calibrated/discovery/prefix_dp/acceptance_gain	0.04166666666666652	success	retain_no_go_with_marginal_fallback_oracle	/home/mlw0719/cola_dlm_exploration_storage/runs/003_doob_speculative_decoding/003-closure-diagnostics-v1	150 prompts, 1200 graphs; paired 95% CI=[0.0066666666666663765, 0.07500000000000018]; plus-one gain=0.010820168794633158; plus-one CI=[0.00172747398569798, 0.019507854429531724]. Future-label oracle diagnostics are not deployment or speed claims.
003-closure-diagnostics-v1	2026-09-26T04:29:39.307154+00:00	1357e7c196bfae415ff4636b8a84eb34e27c782d	configs/003_doob_speculative_decoding/closure_diagnostics.json	20260927	nebula	947150	calibrated/discovery/native_dp_oracle/acceptance_gain	0.08583333333333343	success	retain_no_go_with_marginal_fallback_oracle	/home/mlw0719/cola_dlm_exploration_storage/runs/003_doob_speculative_decoding/003-closure-diagnostics-v1	150 prompts, 1200 graphs; paired 95% CI=[0.05666666666666664, 0.11500000000000021]; plus-one gain=0.022289547716944406; plus-one CI=[0.014761431870405963, 0.0304028943330411]. Future-label oracle diagnostics are not deployment or speed claims.
003-closure-diagnostics-v1	2026-09-26T04:29:39.307154+00:00	1357e7c196bfae415ff4636b8a84eb34e27c782d	configs/003_doob_speculative_decoding/closure_diagnostics.json	20260927	nebula	947150	calibrated/discovery/dp_positive_gain	0.08583333333333333	success	retain_no_go_with_marginal_fallback_oracle	/home/mlw0719/cola_dlm_exploration_storage/runs/003_doob_speculative_decoding/003-closure-diagnostics-v1	Paired prompt-bootstrap 95% CI=[0.05666666666666667, 0.11499999999999999]. Exact decomposition of the historical DP result; see divergence counts in the diagnostic summary.
003-closure-diagnostics-v1	2026-09-26T04:29:39.307154+00:00	1357e7c196bfae415ff4636b8a84eb34e27c782d	configs/003_doob_speculative_decoding/closure_diagnostics.json	20260927	nebula	947150	calibrated/discovery/dp_negative_loss	0.04416666666666667	success	retain_no_go_with_marginal_fallback_oracle	/home/mlw0719/cola_dlm_exploration_storage/runs/003_doob_speculative_decoding/003-closure-diagnostics-v1	Paired prompt-bootstrap 95% CI=[0.025000000000000005, 0.06583333333333334]. Exact decomposition of the historical DP result; see divergence counts in the diagnostic summary.
003-closure-diagnostics-v1	2026-09-26T04:29:39.307154+00:00	1357e7c196bfae415ff4636b8a84eb34e27c782d	configs/003_doob_speculative_decoding/closure_diagnostics.json	20260927	nebula	947150	calibrated/discovery/maximum_historical_reproduction_error	0.0	success	retain_no_go_with_marginal_fallback_oracle	/home/mlw0719/cola_dlm_exploration_storage/runs/003_doob_speculative_decoding/003-closure-diagnostics-v1	Recomputed native and DP acceptance, covariance and all five Doob-grid expectations agree with the original per-context records.
003-closure-diagnostics-v1	2026-09-26T04:29:39.307154+00:00	1357e7c196bfae415ff4636b8a84eb34e27c782d	configs/003_doob_speculative_decoding/closure_diagnostics.json	20260927	nebula	947150	calibrated/validation/q/acceptance_gain	-0.427023377117258	success	retain_no_go_with_marginal_fallback_oracle	/home/mlw0719/cola_dlm_exploration_storage/runs/003_doob_speculative_decoding/003-closure-diagnostics-v1	150 prompts, 1200 graphs; paired 95% CI=[-0.4818561352551195, -0.37483323853056555]; plus-one gain=-0.11074736385146092; plus-one CI=[-0.12315619325051627, -0.09886370761971346]. Future-label oracle diagnostics are not deployment or speed claims.
003-closure-diagnostics-v1	2026-09-26T04:29:39.307154+00:00	1357e7c196bfae415ff4636b8a84eb34e27c782d	configs/003_doob_speculative_decoding/closure_diagnostics.json	20260927	nebula	947150	calibrated/validation/lambda_infinity/acceptance_gain	-0.2587324363551291	success	retain_no_go_with_marginal_fallback_oracle	/home/mlw0719/cola_dlm_exploration_storage/runs/003_doob_speculative_decoding/003-closure-diagnostics-v1	150 prompts, 1200 graphs; paired 95% CI=[-0.30302108805203454, -0.2153841239637233]; plus-one gain=-0.06710156119000539; plus-one CI=[-0.07777704147186093, -0.056661946851088045]. Future-label oracle diagnostics are not deployment or speed claims.
003-closure-diagnostics-v1	2026-09-26T04:29:39.307154+00:00	1357e7c196bfae415ff4636b8a84eb34e27c782d	configs/003_doob_speculative_decoding/closure_diagnostics.json	20260927	nebula	947150	calibrated/validation/doob_family/acceptance_gain	-0.24065233483369886	success	retain_no_go_with_marginal_fallback_oracle	/home/mlw0719/cola_dlm_exploration_storage/runs/003_doob_speculative_decoding/003-closure-diagnostics-v1	150 prompts, 1200 graphs; paired 95% CI=[-0.28540801201346877, -0.19716136369555723]; plus-one gain=-0.0624125355090639; plus-one CI=[-0.07324708205295036, -0.05171616095814321]. Future-label oracle diagnostics are not deployment or speed claims.
003-closure-diagnostics-v1	2026-09-26T04:29:39.307154+00:00	1357e7c196bfae415ff4636b8a84eb34e27c782d	configs/003_doob_speculative_decoding/closure_diagnostics.json	20260927	nebula	947150	calibrated/validation/doob_native_fallback/acceptance_gain	0.12888543626464433	success	retain_no_go_with_marginal_fallback_oracle	/home/mlw0719/cola_dlm_exploration_storage/runs/003_doob_speculative_decoding/003-closure-diagnostics-v1	150 prompts, 1200 graphs; paired 95% CI=[0.11360176822376851, 0.1440670598469419]; plus-one gain=0.03342609109954035; plus-one CI=[0.029201937165915563, 0.037881589322290556]. Future-label oracle diagnostics are not deployment or speed claims.
003-closure-diagnostics-v1	2026-09-26T04:29:39.307154+00:00	1357e7c196bfae415ff4636b8a84eb34e27c782d	configs/003_doob_speculative_decoding/closure_diagnostics.json	20260927	nebula	947150	calibrated/validation/prefix_dp/acceptance_gain	-0.014166666666666217	success	retain_no_go_with_marginal_fallback_oracle	/home/mlw0719/cola_dlm_exploration_storage/runs/003_doob_speculative_decoding/003-closure-diagnostics-v1	150 prompts, 1200 graphs; paired 95% CI=[-0.05416666666666625, 0.02416666666666647]; plus-one gain=-0.0036740868813484894; plus-one CI=[-0.013946029636146372, 0.006247711988297238]. Future-label oracle diagnostics are not deployment or speed claims.
003-closure-diagnostics-v1	2026-09-26T04:29:39.307154+00:00	1357e7c196bfae415ff4636b8a84eb34e27c782d	configs/003_doob_speculative_decoding/closure_diagnostics.json	20260927	nebula	947150	calibrated/validation/native_dp_oracle/acceptance_gain	0.05333333333333323	success	retain_no_go_with_marginal_fallback_oracle	/home/mlw0719/cola_dlm_exploration_storage/runs/003_doob_speculative_decoding/003-closure-diagnostics-v1	150 prompts, 1200 graphs; paired 95% CI=[0.03166666666666629, 0.07916666666666661]; plus-one gain=0.013831856494488844; plus-one CI=[0.008140444119055517, 0.02059379347369017]. Future-label oracle diagnostics are not deployment or speed claims.
003-closure-diagnostics-v1	2026-09-26T04:29:39.307154+00:00	1357e7c196bfae415ff4636b8a84eb34e27c782d	configs/003_doob_speculative_decoding/closure_diagnostics.json	20260927	nebula	947150	calibrated/validation/dp_positive_gain	0.05333333333333334	success	retain_no_go_with_marginal_fallback_oracle	/home/mlw0719/cola_dlm_exploration_storage/runs/003_doob_speculative_decoding/003-closure-diagnostics-v1	Paired prompt-bootstrap 95% CI=[0.03166666666666667, 0.07916666666666666]. Exact decomposition of the historical DP result; see divergence counts in the diagnostic summary.
003-closure-diagnostics-v1	2026-09-26T04:29:39.307154+00:00	1357e7c196bfae415ff4636b8a84eb34e27c782d	configs/003_doob_speculative_decoding/closure_diagnostics.json	20260927	nebula	947150	calibrated/validation/dp_negative_loss	0.0675	success	retain_no_go_with_marginal_fallback_oracle	/home/mlw0719/cola_dlm_exploration_storage/runs/003_doob_speculative_decoding/003-closure-diagnostics-v1	Paired prompt-bootstrap 95% CI=[0.040812500000000036, 0.09916666666666667]. Exact decomposition of the historical DP result; see divergence counts in the diagnostic summary.
003-closure-diagnostics-v1	2026-09-26T04:29:39.307154+00:00	1357e7c196bfae415ff4636b8a84eb34e27c782d	configs/003_doob_speculative_decoding/closure_diagnostics.json	20260927	nebula	947150	calibrated/validation/maximum_historical_reproduction_error	0.0	success	retain_no_go_with_marginal_fallback_oracle	/home/mlw0719/cola_dlm_exploration_storage/runs/003_doob_speculative_decoding/003-closure-diagnostics-v1	Recomputed native and DP acceptance, covariance and all five Doob-grid expectations agree with the original per-context records.
